Kecamatan,Tahun,LUAS PANEN,RATA-RATA PRODUKSI,PRODUKSI,TAVG,RH_AVG,RR,SS
Ampelgading,2009,600.9375,59.28,3562.3575,23.5984703,75.51652586,4.234178187,5.550086406
Ampelgading,2010,578.823,61.379,3552.757692,23.8887957,81.30026242,7.764490527,4.738449181
Ampelgading,2011,619.206,61.379,3800.624507,23.43163176,77.30206675,31.92238514,4.628453428
Ampelgading,2012,1952.846,63.47742939,12396.16441,23.27684296,76.7099909,48.63783665,4.148857316
Ampelgading,2013,2195.1045,79.29918598,17407,23.95806452,85.19354839,11.8,2.906451613
Ampelgading,2014,1660.5105,63.73436,11384.1574,23.57800461,76.90910906,32.93053763,5.705490783
Ampelgading,2015,1851.849,70.73436,13098.93538,23.8926376,77.7664075,5.707021794,7.715380922
Ampelgading,2016,1946,70.73436,13765,24.5028439,79.91658509,5.896985539,5.615035224
Ampelgading,2017,2216.2575,70.29,15578.07397,23.85688018,79.19597542,36.68303072,5.514557324
Ampelgading,2018,2489.3235,70.29,17497.45488,23.81587213,77.89211447,6.834658456,6.110061028
Ampelgading,2019,2655.663,70.29,18666.65523,23.98971774,76.26888761,13.93733048,7.134107783
Ampelgading,2020,2993.1495,70.29,21038.84784,24.38326536,78.49161723,29.81367041,6.258835743
Ampelgading,2021,2868.1545,70.29,20160.25798,24.12764925,79.60426791,27.2165121,5.638220766
Ampelgading,2022,2557.59,70.29,17977.30011,24.03550051,80.46205197,44.88474558,5.377241307
Ampelgading,2023,2587.3965,65.29,16893.11175,24.36802483,76.10248976,6.534430108,5.96249616
Ampelgading,2024,1772.0445,66.35438357,11758.29205,25.39678026,77.12671655,59.13617204,5.818983315
Bantur,2009,2216.2775,57.4916248,12741.73945,23.5984703,75.51652586,4.234178187,5.550086406
Bantur,2010,3845.713,73.62246109,28313.08557,23.8887957,81.30026242,7.764490527,4.738449181
Bantur,2011,3950.786,61.53709634,24311.98987,23.43163176,77.30206675,31.92238514,4.628453428
Bantur,2012,641.8635,65.70415148,4217.309664,23.27684296,76.7099909,48.63783665,4.148857316
Bantur,2013,1264.9155,65.696088,8310,23.95806452,85.19354839,11.8,2.906451613
Bantur,2014,591.3225,69.70039913,4922.541426,23.57800461,76.90910906,32.93053763,5.705490783
Bantur,2015,1044.189,69.70039913,7278.039007,23.8926376,77.7664075,5.707021794,7.715380922
Bantur,2016,1661,70.43666667,8317,24.5028439,79.91658509,5.896985539,5.615035224
Bantur,2017,1483.8285,70.43666667,10451.59334,23.85688018,79.19597542,36.68303072,5.514557324
Bantur,2018,962.8465,70.43666667,6781.969797,23.81587213,77.89211447,6.834658456,6.110061028
Bantur,2019,877.8495,70.43666667,6183.279262,23.98971774,76.26888761,13.93733048,7.134107783
Bantur,2020,957.654,70.43666667,6745.395558,24.38326536,78.49161723,29.81367041,6.258835743
Bantur,2021,1158.6075,70.43666667,8160.845028,24.12764925,79.60426791,27.2165121,5.638220766
Bantur,2022,1073.034,70.43666667,7558.093818,24.03550051,80.46205197,44.88474558,5.377241307
Bantur,2023,1147.0695,64.44,7391.715858,24.36802483,76.10248976,6.534430108,5.96249616
Bantur,2024,1502.8245,65.49052653,9842.076779,25.39678026,77.12671655,59.13617204,5.818983315
Bululawang,2009,1281.026,61.66311972,7899.20596,23.5984703,75.51652586,4.234178187,5.550086406
Bululawang,2010,1410.2905,76.69385101,10816.06095,23.8887957,81.30026242,7.764490527,4.738449181
Bululawang,2011,1561.092,73.83915624,11526.97161,23.43163176,77.30206675,31.92238514,4.628453428
Bululawang,2012,3331.176,68.21544681,22723.76592,23.27684296,76.7099909,48.63783665,4.148857316
Bululawang,2013,3223.488,68.22113189,21991,23.95806452,85.19354839,11.8,2.906451613
Bululawang,2014,2941.7685,68.1804274,20858.10336,23.57800461,76.90910906,32.93053763,5.705490783
Bululawang,2015,3006.189,74.23873997,22317.56835,23.8926376,77.7664075,5.707021794,7.715380922
Bululawang,2016,3441,74.39352518,25598,24.5028439,79.91658509,5.896985539,5.615035224
Bululawang,2017,3181.6035,73.83333333,23490.83918,23.85688018,79.19597542,36.68303072,5.514557324
Bululawang,2018,3075.8385,73.83333333,22709.94093,23.81587213,77.89211447,6.834658456,6.110061028
Bululawang,2019,2297.0235,73.83333333,16959.69018,23.98971774,76.26888761,13.93733048,7.134107783
Bululawang,2020,2373.9435,73.83333333,17527.61618,24.38326536,78.49161723,29.81367041,6.258835743
Bululawang,2021,2646.048,73.83333333,19536.6544,24.12764925,79.60426791,27.2165121,5.638220766
Bululawang,2022,3250.8315,73.83333333,24001.97258,24.03550051,80.46205197,44.88474558,5.377241307
Bululawang,2023,3452.7465,70.41,24310.78811,24.36802483,76.10248976,6.534430108,5.96249616
Bululawang,2024,3724.851,71.55785185,26654.2336,25.39678026,77.12671655,59.13617204,5.818983315
Dampit,2009,5741.451,60.11846938,34516.72461,23.5984703,75.51652586,4.234178187,5.550086406
Dampit,2010,6256.596,64.28794605,40222.37061,23.8887957,81.30026242,7.764490527,4.738449181
Dampit,2011,4213.612,63.49161369,26752.90253,23.43163176,77.30206675,31.92238514,4.628453428
Dampit,2012,2490.285,61.465,15306.53675,23.27684296,76.7099909,48.63783665,4.148857316
Dampit,2013,2360.4825,61.47048326,14510,23.95806452,85.19354839,11.8,2.906451613
Dampit,2014,2744.121,61.465,17667.73973,23.57800461,76.90910906,32.93053763,5.705490783
Dampit,2015,2512.3995,69.465,17452.38313,23.8926376,77.7664075,5.707021794,7.715380922
Dampit,2016,2453,69.465,17038,24.5028439,79.91658509,5.896985539,5.615035224
Dampit,2017,2975.8425,70.54,20991.593,23.85688018,79.19597542,36.68303072,5.514557324
Dampit,2018,2453.748,70.54,17308.73839,23.81587213,77.89211447,6.834658456,6.110061028
Dampit,2019,2547.0135,70.54,17966.63323,23.98971774,76.26888761,13.93733048,7.134107783
Dampit,2020,2379.213,70.54,16782.9685,24.38326536,78.49161723,29.81367041,6.258835743
Dampit,2021,2588.358,70.54,18258.27733,24.12764925,79.60426791,27.2165121,5.638220766
Dampit,2022,2845.0785,70.54,20069.18374,24.03550051,80.46205197,44.88474558,5.377241307
Dampit,2023,2744.121,68.54,18808.20533,24.36802483,76.10248976,6.534430108,5.96249616
Dampit,2024,2354.7135,69.65736636,16402.3141,25.39678026,77.12671655,59.13617204,5.818983315
Dau,2009,288.4125,60.48891259,1744.57585,23.5984703,75.51652586,4.234178187,5.550086406
Dau,2010,399.1775,69.07411543,2757.283271,23.8887957,81.30026242,7.764490527,4.738449181
Dau,2011,424.2535,69.06155703,2929.960728,23.43163176,77.30206675,31.92238514,4.628453428
Dau,2012,3566.558,63.53667068,22660.72211,23.27684296,76.7099909,48.63783665,4.148857316
Dau,2013,3655.247,63.50049668,23211,23.95806452,85.19354839,11.8,2.906451613
Dau,2014,3966.5015,63.63541158,26041.99555,23.57800461,76.90910906,32.93053763,5.705490783
Dau,2015,3529.6665,70.845,25005.92232,23.8926376,77.7664075,5.707021794,7.715380922
Dau,2016,3636,70.845,25762,24.5028439,79.91658509,5.896985539,5.615035224
Dau,2017,3796.002,70.74333333,26854.18348,23.85688018,79.19597542,36.68303072,5.514557324
Dau,2018,4039.2615,70.74333333,28575.08227,23.81587213,77.89211447,6.834658456,6.110061028
Dau,2019,3543.1275,71.74333333,25419.57773,23.98971774,76.26888761,13.93733048,7.134107783
Dau,2020,3990.225,71.74333333,28627.20423,24.38326536,78.49161723,29.81367041,6.258835743
Dau,2021,3840.231,71.74333333,27551.09727,24.12764925,79.60426791,27.2165121,5.638220766
Dau,2022,3866.1915,71.74333333,27737.34655,24.03550051,80.46205197,44.88474558,5.377241307
Dau,2023,3635.4315,69.42,25237.16547,24.36802483,76.10248976,6.534430108,5.96249616
Dau,2024,3028.725,70.55171247,21368.17354,25.39678026,77.12671655,59.13617204,5.818983315
Donomulyo,2009,3041.897,58.57535265,17818.01895,23.5984703,75.51652586,4.234178187,5.550086406
Donomulyo,2010,3488.685,58.65677629,20463.50156,23.8887957,81.30026242,7.764490527,4.738449181
Donomulyo,2011,5213.76,51.77454981,26994.00768,23.43163176,77.30206675,31.92238514,4.628453428
Donomulyo,2012,282.681,60.643232,1714.268946,23.27684296,76.7099909,48.63783665,4.148857316
Donomulyo,2013,749.97,60.6424257,4548,23.95806452,85.19354839,11.8,2.906451613
Donomulyo,2014,188.454,60.643232,1943.845964,23.57800461,76.90910906,32.93053763,5.705490783
Donomulyo,2015,299.0265,62.643232,1873.198641,23.8926376,77.7664075,5.707021794,7.715380922
Donomulyo,2016,42,62.643232,265,24.5028439,79.91658509,5.896985539,5.615035224
Donomulyo,2017,48.075,67.43,324.169725,23.85688018,79.19597542,36.68303072,5.514557324
Donomulyo,2018,38.46,67.43,259.33578,23.81587213,77.89211447,6.834658456,6.110061028
Donomulyo,2019,136.533,67.43,920.642019,23.98971774,76.26888761,13.93733048,7.134107783
Donomulyo,2020,39.4215,67.43,265.8191745,24.38326536,78.49161723,29.81367041,6.258835743
Donomulyo,2021,44.229,67.43,298.236147,24.12764925,79.60426791,27.2165121,5.638220766
Donomulyo,2022,20.1915,67.43,136.1512845,24.03550051,80.46205197,44.88474558,5.377241307
Donomulyo,2023,2.8845,60.43,17.4310335,24.36802483,76.10248976,6.534430108,5.96249616
Donomulyo,2024,2.8845,61.41515392,17.71520115,25.39678026,77.12671655,59.13617204,5.818983315
Gedangan,2009,855.894,58.51327756,5008.116318,23.5984703,75.51652586,4.234178187,5.550086406
Gedangan,2010,860.7015,60.22702081,5183.748716,23.8887957,81.30026242,7.764490527,4.738449181
Gedangan,2011,896.2385,60.35431989,5409.186513,23.43163176,77.30206675,31.92238514,4.628453428
Gedangan,2012,1886.617,69.65269385,13140.79563,23.27684296,76.7099909,48.63783665,4.148857316
Gedangan,2013,2138.376,69.65098748,14894,23.95806452,85.19354839,11.8,2.906451613
Gedangan,2014,1837.4265,69.70039913,13607.93604,23.57800461,76.90910906,32.93053763,5.705490783
Gedangan,2015,1734.546,70.70039913,12263.30945,23.8926376,77.7664075,5.707021794,7.715380922
Gedangan,2016,1900,70.70039913,13433,24.5028439,79.91658509,5.896985539,5.615035224
Gedangan,2017,1874.925,70.27,13175.09798,23.85688018,79.19597542,36.68303072,5.514557324
Gedangan,2018,1912.4235,70.27,13438.59993,23.81587213,77.89211447,6.834658456,6.110061028
Gedangan,2019,1874.925,70.27,13175.09798,23.98971774,76.26888761,13.93733048,7.134107783
Gedangan,2020,1880.694,70.27,13215.63674,24.38326536,78.49161723,29.81367041,6.258835743
Gedangan,2021,1896.078,70.27,13323.74011,24.12764925,79.60426791,27.2165121,5.638220766
Gedangan,2022,1735.5075,70.27,12195.4112,24.03550051,80.46205197,44.88474558,5.377241307
Gedangan,2023,1524.939,68.27,10410.75855,24.36802483,76.10248976,6.534430108,5.96249616
Gedangan,2024,1662.4335,69.38296472,11534.45649,25.39678026,77.12671655,59.13617204,5.818983315
Gondanglegi ,2009,1147.0695,85.72564267,9833.327007,23.5984703,75.51652586,4.234178187,5.550086406
Gondanglegi ,2010,1338.408,78.62,10522.5637,23.8887957,81.30026242,7.764490527,4.738449181
Gondanglegi ,2011,840.351,77.62,6522.804462,23.43163176,77.30206675,31.92238514,4.628453428
Gondanglegi ,2012,1266.719,73.86426173,9356.526376,23.27684296,76.7099909,48.63783665,4.148857316
Gondanglegi ,2013,1233.9125,89.00144864,10982,23.95806452,85.19354839,11.8,2.906451613
Gondanglegi ,2014,1606.013,73.96477449,12679.83894,23.57800461,76.90910906,32.93053763,5.705490783
Gondanglegi ,2015,1526.9775,74.06434773,11309.45925,23.8926376,77.7664075,5.707021794,7.715380922
Gondanglegi ,2016,1549,74.1,11478,24.5028439,79.91658509,5.896985539,5.615035224
Gondanglegi ,2017,1662.4335,70.56333333,11730.68492,23.85688018,79.19597542,36.68303072,5.514557324
Gondanglegi ,2018,1616.2815,70.56333333,11405.02102,23.81587213,77.89211447,6.834658456,6.110061028
Gondanglegi ,2019,1656.6645,71.56333333,11855.64338,23.98971774,76.26888761,13.93733048,7.134107783
Gondanglegi ,2020,1616.2815,71.56333333,11566.64917,24.38326536,78.49161723,29.81367041,6.258835743
Gondanglegi ,2021,1625.8965,71.56333333,11635.45732,24.12764925,79.60426791,27.2165121,5.638220766
Gondanglegi ,2022,1963.383,71.56333333,14050.62321,24.03550051,80.46205197,44.88474558,5.377241307
Gondanglegi ,2023,2078.763,67.56,14044.12283,24.36802483,76.10248976,6.534430108,5.96249616
Gondanglegi ,2024,1545.1305,68.66139001,10609.08079,25.39678026,77.12671655,59.13617204,5.818983315
Jabung,2009,2256.838,60.54272654,13663.51259,23.5984703,75.51652586,4.234178187,5.550086406
Jabung,2010,2195.4945,62.58325612,13740.11946,23.8887957,81.30026242,7.764490527,4.738449181
Jabung,2011,2481.4845,62.40986428,15486.91109,23.43163176,77.30206675,31.92238514,4.628453428
Jabung,2012,1287.487,69.04962193,8890.049059,23.27684296,76.7099909,48.63783665,4.148857316
Jabung,2013,1596.167,10,1596.167,23.95806452,85.19354839,11.8,2.906451613
Jabung,2014,1418.2125,69.07,10596.59374,23.57800461,76.90910906,32.93053763,5.705490783
Jabung,2015,1375.9065,70.07,9640.976846,23.8926376,77.7664075,5.707021794,7.715380922
Jabung,2016,1387,70.07,9722,24.5028439,79.91658509,5.896985539,5.615035224
Jabung,2017,1417.251,70.55,9998.705805,23.85688018,79.19597542,36.68303072,5.514557324
Jabung,2018,1727.8155,70.55,12189.73835,23.81587213,77.89211447,6.834658456,6.110061028
Jabung,2019,1542.246,70.55,10880.54553,23.98971774,76.26888761,13.93733048,7.134107783
Jabung,2020,2055.8885,70.55,14504.29337,24.38326536,78.49161723,29.81367041,6.258835743
Jabung,2021,1748.015,70.55,12332.24583,24.12764925,79.60426791,27.2165121,5.638220766
Jabung,2022,1941.2725,70.55,13695.67749,24.03550051,80.46205197,44.88474558,5.377241307
Jabung,2023,1587.4365,64.55,10246.90261,24.36802483,76.10248976,6.534430108,5.96249616
Jabung,2024,1226.874,65.6023198,8048.57805,25.39678026,77.12671655,59.13617204,5.818983315
Kalipare,2009,3150.076,57.0481721,17970.60778,23.5984703,75.51652586,4.234178187,5.550086406
Kalipare,2010,1506.876,61.65059385,9289.980026,23.8887957,81.30026242,7.764490527,4.738449181
Kalipare,2011,3801.771,62.9455,23930.43765,23.43163176,77.30206675,31.92238514,4.628453428
Kalipare,2012,428.445,70.19919578,3007.649444,23.27684296,76.7099909,48.63783665,4.148857316
Kalipare,2013,444.213,70.19155225,3118,23.95806452,85.19354839,11.8,2.906451613
Kalipare,2014,589.3995,71.2457,5000.217996,23.57800461,76.90910906,32.93053763,5.705490783
Kalipare,2015,353.832,71.2457,2520.900852,23.8926376,77.7664075,5.707021794,7.715380922
Kalipare,2016,262,71.2457,1870,24.5028439,79.91658509,5.896985539,5.615035224
Kalipare,2017,297.1035,70.49333333,2094.381606,23.85688018,79.19597542,36.68303072,5.514557324
Kalipare,2018,316.3335,70.49333333,2229.940286,23.81587213,77.89211447,6.834658456,6.110061028
Kalipare,2019,339.4095,70.49333333,2392.610702,23.98971774,76.26888761,13.93733048,7.134107783
Kalipare,2020,362.4855,70.49333333,2555.281118,24.38326536,78.49161723,29.81367041,6.258835743
Kalipare,2021,367.293,70.49333333,2589.170788,24.12764925,79.60426791,27.2165121,5.638220766
Kalipare,2022,381.7155,70.49333333,2690.839798,24.03550051,80.46205197,44.88474558,5.377241307
Kalipare,2023,340.371,61.49,2092.941279,24.36802483,76.10248976,6.534430108,5.96249616
Kalipare,2024,56.7285,62.49243446,354.5102068,25.39678026,77.12671655,59.13617204,5.818983315
Karangploso,2009,2586.0135,63.20088767,16343.83487,23.5984703,75.51652586,4.234178187,5.550086406
Karangploso,2010,2873.502,66.98945887,19249.43441,23.8887957,81.30026242,7.764490527,4.738449181
Karangploso,2011,2861.579,67.05545707,19188.44878,23.43163176,77.30206675,31.92238514,4.628453428
Karangploso,2012,1385.9095,70.67258834,9794.581157,23.27684296,76.7099909,48.63783665,4.148857316
Karangploso,2013,1637.627,70.60215788,11562,23.95806452,85.19354839,11.8,2.906451613
Karangploso,2014,1648.012,71.75349415,12626.06194,23.57800461,76.90910906,32.93053763,5.705490783
Karangploso,2015,1315.336,68.08876658,8955.960588,23.8926376,77.7664075,5.707021794,7.715380922
Karangploso,2016,1490,68.02835237,10137,24.5028439,79.91658509,5.896985539,5.615035224
Karangploso,2017,1670.1255,69.89666667,11673.62054,23.85688018,79.19597542,36.68303072,5.514557324
Karangploso,2018,1047.0735,69.89666667,7318.694741,23.81587213,77.89211447,6.834658456,6.110061028
Karangploso,2019,1949.189,69.89666667,13624.18138,23.98971774,76.26888761,13.93733048,7.134107783
Karangploso,2020,1573.7485,69.89666667,10999.97743,24.38326536,78.49161723,29.81367041,6.258835743
Karangploso,2021,1393.946,69.89666667,9743.217891,24.12764925,79.60426791,27.2165121,5.638220766
Karangploso,2022,1442.87,69.89666667,10085.18034,24.03550051,80.46205197,44.88474558,5.377241307
Karangploso,2023,1387.714,60.45,8388.73113,24.36802483,76.10248976,6.534430108,5.96249616
Karangploso,2024,893.2335,61.43547996,5487.622879,25.39678026,77.12671655,59.13617204,5.818983315
Kasembon,2009,1692.933,60.12648678,10179.01136,23.5984703,75.51652586,4.234178187,5.550086406
Kasembon,2010,1894.7335,69.22538987,13116.36652,23.8887957,81.30026242,7.764490527,4.738449181
Kasembon,2011,1918.9625,69.46589325,13330.24442,23.43163176,77.30206675,31.92238514,4.628453428
Kasembon,2012,670.0945,64.59548154,4328.507691,23.27684296,76.7099909,48.63783665,4.148857316
Kasembon,2013,1092.658,64.60392913,7059,23.95806452,85.19354839,11.8,2.906451613
Kasembon,2014,1376.423,63.08440758,9484.082954,23.57800461,76.90910906,32.93053763,5.705490783
Kasembon,2015,1168.739,67.81,7925.219159,23.8926376,77.7664075,5.707021794,7.715380922
Kasembon,2016,1513,67.81,9661,24.5028439,79.91658509,5.896985539,5.615035224
Kasembon,2017,1794.1235,64.89666667,11643.26347,23.85688018,79.19597542,36.68303072,5.514557324
Kasembon,2018,1597.9835,64.89666667,10370.38025,23.81587213,77.89211447,6.834658456,6.110061028
Kasembon,2019,2100.33,69.89666667,14680.60659,23.98971774,76.26888761,13.93733048,7.134107783
Kasembon,2020,1264.7735,69.89666667,8840.345174,24.38326536,78.49161723,29.81367041,6.258835743
Kasembon,2021,2616.9835,69.89666667,18291.84234,24.12764925,79.60426791,27.2165121,5.638220766
Kasembon,2022,1581.417,69.89666667,11053.57769,24.03550051,80.46205197,44.88474558,5.377241307
Kasembon,2023,1979.4585,60.5,11975.72393,24.36802483,76.10248976,6.534430108,5.96249616
Kasembon,2024,769.7095,61.48629508,4732.658545,25.39678026,77.12671655,59.13617204,5.818983315
Kepanjen,2009,3682.545,80.74266667,29733.85034,23.5984703,75.51652586,4.234178187,5.550086406
Kepanjen,2010,2261.1795,79.63440023,18006.76733,23.8887957,81.30026242,7.764490527,4.738449181
Kepanjen,2011,2735.4675,74.93,20496.85798,23.43163176,77.30206675,31.92238514,4.628453428
Kepanjen,2012,2205.681,74.93,16527.16773,23.27684296,76.7099909,48.63783665,4.148857316
Kepanjen,2013,2178.759,74.92797505,16325,23.95806452,85.19354839,11.8,2.906451613
Kepanjen,2014,2499.9,74.93,19532.7507,23.57800461,76.90910906,32.93053763,5.705490783
Kepanjen,2015,2785.4655,74.43,20732.21972,23.8926376,77.7664075,5.707021794,7.715380922
Kepanjen,2016,2650,74.43,19723,24.5028439,79.91658509,5.896985539,5.615035224
Kepanjen,2017,2537.3985,72.58333333,18417.28411,23.85688018,79.19597542,36.68303072,5.514557324
Kepanjen,2018,2483.5545,72.58333333,18026.46641,23.81587213,77.89211447,6.834658456,6.110061028
Kepanjen,2019,2571.051,72.58333333,18661.54518,23.98971774,76.26888761,13.93733048,7.134107783
Kepanjen,2020,2552.7825,72.58333333,18528.94631,24.38326536,78.49161723,29.81367041,6.258835743
Kepanjen,2021,2396.058,72.58333333,17391.38765,24.12764925,79.60426791,27.2165121,5.638220766
Kepanjen,2022,2413.365,72.58333333,17517.00763,24.03550051,80.46205197,44.88474558,5.377241307
Kepanjen,2023,2512.3995,68.58,17230.03577,24.36802483,76.10248976,6.534430108,5.96249616
Kepanjen,2024,3538.32,69.69801846,24661.38927,25.39678026,77.12671655,59.13617204,5.818983315
Kromengan,2009,2782.581,60.352,16793.43285,23.5984703,75.51652586,4.234178187,5.550086406
Kromengan,2010,3043.1475,61.465,18704.70611,23.8887957,81.30026242,7.764490527,4.738449181
Kromengan,2011,2480.67,61.465,15247.43816,23.43163176,77.30206675,31.92238514,4.628453428
Kromengan,2012,1330.716,74.57972281,9924.443042,23.27684296,76.7099909,48.63783665,4.148857316
Kromengan,2013,2041.2645,74.58122159,15224,23.95806452,85.19354839,11.8,2.906451613
Kromengan,2014,2370.0975,74.57972281,18477.12146,23.57800461,76.90910906,32.93053763,5.705490783
Kromengan,2015,2254.7175,74.57972281,16815.62062,23.8926376,77.7664075,5.707021794,7.715380922
Kromengan,2016,2200,74.57972281,16407,24.5028439,79.91658509,5.896985539,5.615035224
Kromengan,2017,2053.764,70.89,14559.133,23.85688018,79.19597542,36.68303072,5.514557324
Kromengan,2018,2197.0275,70.89,15574.72795,23.81587213,77.89211447,6.834658456,6.110061028
Kromengan,2019,2499.9,70.89,17721.7911,23.98971774,76.26888761,13.93733048,7.134107783
Kromengan,2020,2528.745,70.89,17926.27331,24.38326536,78.49161723,29.81367041,6.258835743
Kromengan,2021,2630.664,70.89,18648.7771,24.12764925,79.60426791,27.2165121,5.638220766
Kromengan,2022,2722.968,70.89,19303.12015,24.03550051,80.46205197,44.88474558,5.377241307
Kromengan,2023,2685.4695,67.54,18137.661,24.36802483,76.10248976,6.534430108,5.96249616
Kromengan,2024,2319.138,68.64106397,15918.80998,25.39678026,77.12671655,59.13617204,5.818983315
Lawang,2009,1483.5945,75.298304,11171.21497,23.5984703,75.51652586,4.234178187,5.550086406
Lawang,2010,1921.164,79.12701101,15201.5965,23.8887957,81.30026242,7.764490527,4.738449181
Lawang,2011,1941.4265,76.24526231,14802.45728,23.43163176,77.30206675,31.92238514,4.628453428
Lawang,2012,838.817,60.56500072,5080.295221,23.27684296,76.7099909,48.63783665,4.148857316
Lawang,2013,835.7785,60.5662864,5062,23.95806452,85.19354839,11.8,2.906451613
Lawang,2014,815.0105,60.36315091,5720.660181,23.57800461,76.90910906,32.93053763,5.705490783
Lawang,2015,848.662,64.85401809,5503.91407,23.8926376,77.7664075,5.707021794,7.715380922
Lawang,2016,770,64.41794658,4959,24.5028439,79.91658509,5.896985539,5.615035224
Lawang,2017,943.505,67.71666667,6389.101358,23.85688018,79.19597542,36.68303072,5.514557324
Lawang,2018,935.2365,67.71666667,6333.109833,23.81587213,77.89211447,6.834658456,6.110061028
Lawang,2019,1473.279,69.71666667,10271.21009,23.98971774,76.26888761,13.93733048,7.134107783
Lawang,2020,972.582,69.71666667,6780.51751,24.38326536,78.49161723,29.81367041,6.258835743
Lawang,2021,1239.5355,69.71666667,8641.628327,24.12764925,79.60426791,27.2165121,5.638220766
Lawang,2022,1376.497,69.71666667,9596.478252,24.03550051,80.46205197,44.88474558,5.377241307
Lawang,2023,1301.112,60.64,7889.943168,24.36802483,76.10248976,6.534430108,5.96249616
Lawang,2024,501.368,61.62857742,3089.85966,25.39678026,77.12671655,59.13617204,5.818983315
Ngajum,2009,2034.4995,63.66684714,12953.01687,23.5984703,75.51652586,4.234178187,5.550086406
Ngajum,2010,1814.39,63.43432197,11509.45994,23.8887957,81.30026242,7.764490527,4.738449181
Ngajum,2011,1720.1235,63.73436,10963.09704,23.43163176,77.30206675,31.92238514,4.628453428
Ngajum,2012,2462.216,62.40675357,15365.89071,23.27684296,76.7099909,48.63783665,4.148857316
Ngajum,2013,2597.2495,62.40062805,16207,23.95806452,85.19354839,11.8,2.906451613
Ngajum,2014,2042.226,64.02,13875.33085,23.57800461,76.90910906,32.93053763,5.705490783
Ngajum,2015,2213.373,70.02,15498.03775,23.8926376,77.7664075,5.707021794,7.715380922
Ngajum,2016,2093,70.02,14656,24.5028439,79.91658509,5.896985539,5.615035224
Ngajum,2017,1881.6555,70.46333333,13258.77187,23.85688018,79.19597542,36.68303072,5.514557324
Ngajum,2018,1731.6615,70.46333333,12201.86415,23.81587213,77.89211447,6.834658456,6.110061028
Ngajum,2019,1256.6805,70.46333333,8854.989697,23.98971774,76.26888761,13.93733048,7.134107783
Ngajum,2020,1081.6875,70.46333333,7621.930688,24.38326536,78.49161723,29.81367041,6.258835743
Ngajum,2021,1223.028,70.46333333,8617.862964,24.12764925,79.60426791,27.2165121,5.638220766
Ngajum,2022,1371.099,70.46333333,9661.220587,24.03550051,80.46205197,44.88474558,5.377241307
Ngajum,2023,1253.796,66.46,8332.728216,24.36802483,76.10248976,6.534430108,5.96249616
Ngajum,2024,1823.004,67.54345738,12313.1993,25.39678026,77.12671655,59.13617204,5.818983315
Ngantang,2009,1474.941,61.36039913,9050.296845,23.5984703,75.51652586,4.234178187,5.550086406
Ngantang,2010,715.1645,69.07116211,4939.724311,23.8887957,81.30026242,7.764490527,4.738449181
Ngantang,2011,683.435,69.04194883,4718.56843,23.43163176,77.30206675,31.92238514,4.628453428
Ngantang,2012,1401.6785,61.6996342,8648.305072,23.27684296,76.7099909,48.63783665,4.148857316
Ngantang,2013,2967.212,61.70101766,18308,23.95806452,85.19354839,11.8,2.906451613
Ngantang,2014,2994.955,51.46799807,16215.43382,23.57800461,76.90910906,32.93053763,5.705490783
Ngantang,2015,3297.2835,69.9455,23063.0143,23.8926376,77.7664075,5.707021794,7.715380922
Ngantang,2016,5314,69.9455,32543,24.5028439,79.91658509,5.896985539,5.615035224
Ngantang,2017,2730.073,70.99,19380.78823,23.85688018,79.19597542,36.68303072,5.514557324
Ngantang,2018,3028.4565,70.99,21499.01269,23.81587213,77.89211447,6.834658456,6.110061028
Ngantang,2019,3192.2,70.99,22661.4278,23.98971774,76.26888761,13.93733048,7.134107783
Ngantang,2020,2094.9555,70.99,14872.08909,24.38326536,78.49161723,29.81367041,6.258835743
Ngantang,2021,3260.4465,70.99,23145.9097,24.12764925,79.60426791,27.2165121,5.638220766
Ngantang,2022,2043.7265,70.99,14508.41442,24.03550051,80.46205197,44.88474558,5.377241307
Ngantang,2023,4317.135,60.54,26135.93529,24.36802483,76.10248976,6.534430108,5.96249616
Ngantang,2024,702.8565,61.52694718,4324.461475,25.39678026,77.12671655,59.13617204,5.818983315
Pagak,2009,944.7985,50.1225845,4735.574265,23.5984703,75.51652586,4.234178187,5.550086406
Pagak,2010,890.434,64.70801169,5761.821368,23.8887957,81.30026242,7.764490527,4.738449181
Pagak,2011,1002.276,65.02141751,6516.940626,23.43163176,77.30206675,31.92238514,4.628453428
Pagak,2012,2887.347,67.0904358,19371.33686,23.27684296,76.7099909,48.63783665,4.148857316
Pagak,2013,2411.5585,78.99870561,19051,23.95806452,85.19354839,11.8,2.906451613
Pagak,2014,2307.755,67.00876991,16264.98238,23.57800461,76.90910906,32.93053763,5.705490783
Pagak,2015,2171.067,69.75,15143.19233,23.8926376,77.7664075,5.707021794,7.715380922
Pagak,2016,2201,69.75,15351,24.5028439,79.91658509,5.896985539,5.615035224
Pagak,2017,2610.4725,70.31,18354.23215,23.85688018,79.19597542,36.68303072,5.514557324
Pagak,2018,2293.1775,70.31,16123.331,23.81587213,77.89211447,6.834658456,6.110061028
Pagak,2019,2436.441,71.31,17374.26077,23.98971774,76.26888761,13.93733048,7.134107783
Pagak,2020,2590.281,71.31,18471.29381,24.38326536,78.49161723,29.81367041,6.258835743
Pagak,2021,2092.224,71.31,14919.64934,24.12764925,79.60426791,27.2165121,5.638220766
Pagak,2022,2501.823,71.31,17840.49981,24.03550051,80.46205197,44.88474558,5.377241307
Pagak,2023,2563.359,65.31,16741.29763,24.36802483,76.10248976,6.534430108,5.96249616
Pagak,2024,2272.986,66.37470962,15086.87857,25.39678026,77.12671655,59.13617204,5.818983315
Pagelaran,2009,2225.8725,87.51992415,19480.81924,23.5984703,75.51652586,4.234178187,5.550086406
Pagelaran,2010,1794.159,78.73892415,14127.01494,23.8887957,81.30026242,7.764490527,4.738449181
Pagelaran,2011,2586.435,77.74892415,20109.25386,23.43163176,77.30206675,31.92238514,4.628453428
Pagelaran,2012,867.273,75.62,6558.318426,23.27684296,76.7099909,48.63783665,4.148857316
Pagelaran,2013,1648.9725,75.62284999,12470,23.95806452,85.19354839,11.8,2.906451613
Pagelaran,2014,1320.1395,75.62,10783.8949,23.57800461,76.90910906,32.93053763,5.705490783
Pagelaran,2015,1680.702,75.62,12709.46852,23.8926376,77.7664075,5.707021794,7.715380922
Pagelaran,2016,1836,75.62,13880,24.5028439,79.91658509,5.896985539,5.615035224
Pagelaran,2017,1914.3465,72.10333333,13803.07638,23.85688018,79.19597542,36.68303072,5.514557324
Pagelaran,2018,2513.361,72.10333333,18122.1706,23.81587213,77.89211447,6.834658456,6.110061028
Pagelaran,2019,2688.354,72.10333333,19383.92846,23.98971774,76.26888761,13.93733048,7.134107783
Pagelaran,2020,2651.817,72.10333333,19120.48451,24.38326536,78.49161723,29.81367041,6.258835743
Pagelaran,2021,2522.976,72.10333333,18191.49795,24.12764925,79.60426791,27.2165121,5.638220766
Pagelaran,2022,2747.967,72.10333333,19813.75806,24.03550051,80.46205197,44.88474558,5.377241307
Pagelaran,2023,2532.591,67.1,16993.68561,24.36802483,76.10248976,6.534430108,5.96249616
Pagelaran,2024,1541.2845,68.19389091,10510.61871,25.39678026,77.12671655,59.13617204,5.818983315
Pakis,2009,2082.609,77.57972281,16156.82289,23.5984703,75.51652586,4.234178187,5.550086406
Pakis,2010,1309.563,77.57972281,10159.55345,23.8887957,81.30026242,7.764490527,4.738449181
Pakis,2011,1052.8425,75.57972281,7957.354431,23.43163176,77.30206675,31.92238514,4.628453428
Pakis,2012,767.277,61.379,4709.469498,23.27684296,76.7099909,48.63783665,4.148857316
Pakis,2013,593.2455,10,593.2455,23.95806452,85.19354839,11.8,2.906451613
Pakis,2014,819.198,61.379,5829.155404,23.57800461,76.90910906,32.93053763,5.705490783
Pakis,2015,819.198,67.379,5519.674204,23.8926376,77.7664075,5.707021794,7.715380922
Pakis,2016,1137,67.379,7664,24.5028439,79.91658509,5.896985539,5.615035224
Pakis,2017,1163.415,69.36,8069.44644,23.85688018,79.19597542,36.68303072,5.514557324
Pakis,2018,1101.879,69.36,7642.632744,23.81587213,77.89211447,6.834658456,6.110061028
Pakis,2019,1085.5335,69.36,7529.260356,23.98971774,76.26888761,13.93733048,7.134107783
Pakis,2020,1086.495,69.36,7535.92932,24.38326536,78.49161723,29.81367041,6.258835743
Pakis,2021,1111.494,69.36,7709.322384,24.12764925,79.60426791,27.2165121,5.638220766
Pakis,2022,1036.497,69.36,7189.143192,24.03550051,80.46205197,44.88474558,5.377241307
Pakis,2023,1052.8425,62.36,6565.52583,24.36802483,76.10248976,6.534430108,5.96249616
Pakis,2024,887.4645,63.37661754,5624.44982,25.39678026,77.12671655,59.13617204,5.818983315
Pakisaji,2009,2175.8745,64.81,14101.84263,23.5984703,75.51652586,4.234178187,5.550086406
Pakisaji,2010,2176.836,75.93,16528.71575,23.8887957,81.30026242,7.764490527,4.738449181
Pakisaji,2011,2178.759,74.93,16325.44119,23.43163176,77.30206675,31.92238514,4.628453428
Pakisaji,2012,1614.558,61.45728627,9922.635321,23.27684296,76.7099909,48.63783665,4.148857316
Pakisaji,2013,1759.548,61.4589656,10814,23.95806452,85.19354839,11.8,2.906451613
Pakisaji,2014,1816.2735,63.113456,12264.12976,23.57800461,76.90910906,32.93053763,5.705490783
Pakisaji,2015,1885.5785,70.09769908,13217.47143,23.8926376,77.7664075,5.707021794,7.715380922
Pakisaji,2016,1734,70.113456,12155,24.5028439,79.91658509,5.896985539,5.615035224
Pakisaji,2017,1882.694,70.61,13293.70233,23.85688018,79.19597542,36.68303072,5.514557324
Pakisaji,2018,1908.5775,70.61,13476.46573,23.81587213,77.89211447,6.834658456,6.110061028
Pakisaji,2019,1552.8225,70.61,10964.47967,23.98971774,76.26888761,13.93733048,7.134107783
Pakisaji,2020,1663.395,70.61,11745.2321,24.38326536,78.49161723,29.81367041,6.258835743
Pakisaji,2021,1525.2085,70.61,10769.49722,24.12764925,79.60426791,27.2165121,5.638220766
Pakisaji,2022,1843.1955,70.61,13014.80343,24.03550051,80.46205197,44.88474558,5.377241307
Pakisaji,2023,1522.0545,62.61,9529.583225,24.36802483,76.10248976,6.534430108,5.96249616
Pakisaji,2024,1527.8235,63.63069314,9721.646831,25.39678026,77.12671655,59.13617204,5.818983315
Poncokusumo,2009,1286.6025,60.76272033,7817.746788,23.5984703,75.51652586,4.234178187,5.550086406
Poncokusumo,2010,1287,60.76,7818,23.8887957,81.30026242,7.764490527,4.738449181
Poncokusumo,2011,1231.797,69.00610189,8500.150929,23.43163176,77.30206675,31.92238514,4.628453428
Poncokusumo,2012,1179.107,67.92857196,8009.50547,23.27684296,76.7099909,48.63783665,4.148857316
Poncokusumo,2013,1062.4595,67.92729511,7217,23.95806452,85.19354839,11.8,2.906451613
Poncokusumo,2014,1062.4575,68.1,8036.335575,23.57800461,76.90910906,32.93053763,5.705490783
Poncokusumo,2015,1201.183,71.01103312,8529.72458,23.8926376,77.7664075,5.707021794,7.715380922
Poncokusumo,2016,1699,71.1,12080,24.5028439,79.91658509,5.896985539,5.615035224
Poncokusumo,2017,1842.234,70.95,13070.65023,23.85688018,79.19597542,36.68303072,5.514557324
Poncokusumo,2018,2154.7215,70.95,15287.74904,23.81587213,77.89211447,6.834658456,6.110061028
Poncokusumo,2019,1918.1925,70.95,13609.57579,23.98971774,76.26888761,13.93733048,7.134107783
Poncokusumo,2020,1671.087,70.95,11856.36227,24.38326536,78.49161723,29.81367041,6.258835743
Poncokusumo,2021,2180.682,70.95,15471.93879,24.12764925,79.60426791,27.2165121,5.638220766
Poncokusumo,2022,2139.3375,70.95,15178.59956,24.03550051,80.46205197,44.88474558,5.377241307
Poncokusumo,2023,2253.756,63.51,14313.60436,24.36802483,76.10248976,6.534430108,5.96249616
Poncokusumo,2024,2122.992,64.5453653,13702.92942,25.39678026,77.12671655,59.13617204,5.818983315
Pujon,2009,173.07,55.643232,963.0174162,23.5984703,75.51652586,4.234178187,5.550086406
Pujon,2010,161.532,60.643232,979.5822551,23.8887957,81.30026242,7.764490527,4.738449181
Pujon,2011,201.1125,51.98824075,1045.548507,23.43163176,77.30206675,31.92238514,4.628453428
Pujon,2012,4426.465,51.80582286,22931.66617,23.27684296,76.7099909,48.63783665,4.148857316
Pujon,2013,4624.566,70.00008217,32372,23.95806452,85.19354839,11.8,2.906451613
Pujon,2014,4342.625,51.32723643,22736.91,23.57800461,76.90910906,32.93053763,5.705490783
Pujon,2015,5116.023,67.27,34415.48672,23.8926376,77.7664075,5.707021794,7.715380922
Pujon,2016,5805,67.27,39051,24.5028439,79.91658509,5.896985539,5.615035224
Pujon,2017,4106.8695,70.96,29140.34597,23.85688018,79.19597542,36.68303072,5.514557324
Pujon,2018,5248.6415,70.96,37242.36008,23.81587213,77.89211447,6.834658456,6.110061028
Pujon,2019,6668.577,70.96,47318.22239,23.98971774,76.26888761,13.93733048,7.134107783
Pujon,2020,6268.418,70.96,44480.69413,24.38326536,78.49161723,29.81367041,6.258835743
Pujon,2021,5983.9495,70.96,42462.10565,24.12764925,79.60426791,27.2165121,5.638220766
Pujon,2022,6788.112,70.96,48168.44275,24.03550051,80.46205197,44.88474558,5.377241307
Pujon,2023,7344.424,60.66,44551.27598,24.36802483,76.10248976,6.534430108,5.96249616
Pujon,2024,4029.434,61.64890347,24841.01877,25.39678026,77.12671655,59.13617204,5.818983315
Singosari,2009,3203.73,81.91195322,26242.37819,23.5984703,75.51652586,4.234178187,5.550086406
Singosari,2010,5467.883,80.71053112,44131.5741,23.8887957,81.30026242,7.764490527,4.738449181
Singosari,2011,4295.998,74.30906684,31923.16025,23.43163176,77.30206675,31.92238514,4.628453428
Singosari,2012,2872.1675,61.86336601,17768.19493,23.27684296,76.7099909,48.63783665,4.148857316
Singosari,2013,2954.36,61.80018684,18258,23.95806452,85.19354839,11.8,2.906451613
Singosari,2014,2858.0305,59.28390176,17744.51994,23.57800461,76.90910906,32.93053763,5.705490783
Singosari,2015,2678.5615,66.93,17927.61212,23.8926376,77.7664075,5.707021794,7.715380922
Singosari,2016,2159,66.93,14448,24.5028439,79.91658509,5.896985539,5.615035224
Singosari,2017,3308.3765,66.77666667,22092.23547,23.85688018,79.19597542,36.68303072,5.514557324
Singosari,2018,2910.4605,66.77666667,19435.08507,23.81587213,77.89211447,6.834658456,6.110061028
Singosari,2019,3308.5335,69.4,22961.22249,23.98971774,76.26888761,13.93733048,7.134107783
Singosari,2020,2849.514,69.4,19775.62716,24.38326536,78.49161723,29.81367041,6.258835743
Singosari,2021,3031.6095,69.4,21039.36993,24.12764925,79.60426791,27.2165121,5.638220766
Singosari,2022,2523.7275,69.4,17514.66885,24.03550051,80.46205197,44.88474558,5.377241307
Singosari,2023,2567.378,64.44,16544.18383,24.36802483,76.10248976,6.534430108,5.96249616
Singosari,2024,2154.6755,65.49052653,14111.0833,25.39678026,77.12671655,59.13617204,5.818983315
Sumbermanjing,2009,942.0785,63.42953373,5975.56,23.5984703,75.51652586,4.234178187,5.550086406
Sumbermanjing,2010,2364.3515,66.40197118,15699.76002,23.8887957,81.30026242,7.764490527,4.738449181
Sumbermanjing,2011,1648.2845,70.58865717,11635.01895,23.43163176,77.30206675,31.92238514,4.628453428
Sumbermanjing,2012,622.2475,62.54363334,3891.761949,23.27684296,76.7099909,48.63783665,4.148857316
Sumbermanjing,2013,589.3995,62.53822747,3686,23.95806452,85.19354839,11.8,2.906451613
Sumbermanjing,2014,648.051,65.7585,5062.486168,23.57800461,76.90910906,32.93053763,5.705490783
Sumbermanjing,2015,887.4645,69.9585,6208.568522,23.8926376,77.7664075,5.707021794,7.715380922
Sumbermanjing,2016,726,69.9585,5079,24.5028439,79.91658509,5.896985539,5.615035224
Sumbermanjing,2017,1009.575,70.16,7083.1782,23.85688018,79.19597542,36.68303072,5.514557324
Sumbermanjing,2018,724.971,70.16,5086.396536,23.81587213,77.89211447,6.834658456,6.110061028
Sumbermanjing,2019,535.5555,70.16,3757.457388,23.98971774,76.26888761,13.93733048,7.134107783
Sumbermanjing,2020,771.123,70.16,5410.198968,24.38326536,78.49161723,29.81367041,6.258835743
Sumbermanjing,2021,690.357,70.16,4843.544712,24.12764925,79.60426791,27.2165121,5.638220766
Sumbermanjing,2022,580.746,70.16,4074.513936,24.03550051,80.46205197,44.88474558,5.377241307
Sumbermanjing,2023,771.123,62.56,4824.145488,24.36802483,76.10248976,6.534430108,5.96249616
Sumbermanjing,2024,949.962,63.57987802,6039.846809,25.39678026,77.12671655,59.13617204,5.818983315
Sumberpucung,2009,2474.901,76.22107733,18863.96205,23.5984703,75.51652586,4.234178187,5.550086406
Sumberpucung,2010,2100.8775,72.95,15325.90136,23.8887957,81.30026242,7.764490527,4.738449181
Sumberpucung,2011,2384.52,72.95,17395.0734,23.43163176,77.30206675,31.92238514,4.628453428
Sumberpucung,2012,1766.2755,66.02,11660.95085,23.27684296,76.7099909,48.63783665,4.148857316
Sumberpucung,2013,2042.226,70.00204679,14296,23.95806452,85.19354839,11.8,2.906451613
Sumberpucung,2014,2443.1715,66.02,16930.81824,23.57800461,76.90910906,32.93053763,5.705490783
Sumberpucung,2015,3161.412,70.42,22262.6633,23.8926376,77.7664075,5.707021794,7.715380922
Sumberpucung,2016,2604,70.42,18336,24.5028439,79.91658509,5.896985539,5.615035224
Sumberpucung,2017,2267.217,70.53,15989.6815,23.85688018,79.19597542,36.68303072,5.514557324
Sumberpucung,2018,1874.925,70.53,13222.84603,23.81587213,77.89211447,6.834658456,6.110061028
Sumberpucung,2019,1755.699,71.53,12557.51495,23.98971774,76.26888761,13.93733048,7.134107783
Sumberpucung,2020,1949.922,71.53,13946.79207,24.38326536,78.49161723,29.81367041,6.258835743
Sumberpucung,2021,1930.692,71.53,13810.23988,24.12764925,79.60426791,27.2165121,5.638220766
Sumberpucung,2022,1663.395,71.53,11897.26444,24.03550051,80.46205197,44.88474558,5.377241307
Sumberpucung,2023,1931.6535,67.53,13043.45609,24.36802483,76.10248976,6.534430108,5.96249616
Sumberpucung,2024,1699.932,68.63090094,11666.78647,25.39678026,77.12671655,59.13617204,5.818983315
Tajinan,2009,1712.6625,58.04389604,9940.96041,23.5984703,75.51652586,4.234178187,5.550086406
Tajinan,2010,1728.862,61.37774655,10611.36537,23.8887957,81.30026242,7.764490527,4.738449181
Tajinan,2011,1654.249,61.43416209,10162.74012,23.43163176,77.30206675,31.92238514,4.628453428
Tajinan,2012,2581.6275,74.93,19344.13486,23.27684296,76.7099909,48.63783665,4.148857316
Tajinan,2013,2961.42,79.99878437,23691,23.95806452,85.19354839,11.8,2.906451613
Tajinan,2014,3586.395,74.93,27673.85774,23.57800461,76.90910906,32.93053763,5.705490783
Tajinan,2015,4614.2385,75.93,35035.91293,23.8926376,77.7664075,5.707021794,7.715380922
Tajinan,2016,4073,75.93,30926,24.5028439,79.91658509,5.896985539,5.615035224
Tajinan,2017,4934.418,74.1,36564.03738,23.85688018,79.19597542,36.68303072,5.514557324
Tajinan,2018,4564.2405,74.1,33821.02211,23.81587213,77.89211447,6.834658456,6.110061028
Tajinan,2019,3342.174,74.1,24765.50934,23.98971774,76.26888761,13.93733048,7.134107783
Tajinan,2020,4158.4875,74.1,30814.39238,24.38326536,78.49161723,29.81367041,6.258835743
Tajinan,2021,3646.008,74.1,27016.91928,24.12764925,79.60426791,27.2165121,5.638220766
Tajinan,2022,4286.367,74.1,31761.97947,24.03550051,80.46205197,44.88474558,5.377241307
Tajinan,2023,5043.0675,71.1,35856.20993,24.36802483,76.10248976,6.534430108,5.96249616
Tajinan,2024,4829.6145,72.2591005,34898.35995,25.39678026,77.12671655,59.13617204,5.818983315
Tirtoyudo,2009,1314.965,56.88999301,7480.834966,23.5984703,75.51652586,4.234178187,5.550086406
Tirtoyudo,2010,1326.88,66.40386391,8810.995895,23.8887957,81.30026242,7.764490527,4.738449181
Tirtoyudo,2011,1068.807,68.67002373,7339.500205,23.43163176,77.30206675,31.92238514,4.628453428
Tirtoyudo,2012,1030.1525,62.21472889,6409.06585,23.27684296,76.7099909,48.63783665,4.148857316
Tirtoyudo,2013,1341.025,62.21360526,8343,23.95806452,85.19354839,11.8,2.906451613
Tirtoyudo,2014,1333.2185,61.94274917,9059.321914,23.57800461,76.90910906,32.93053763,5.705490783
Tirtoyudo,2015,1060.5345,69.84,7406.772948,23.8926376,77.7664075,5.707021794,7.715380922
Tirtoyudo,2016,1238,69.84,8649,24.5028439,79.91658509,5.896985539,5.615035224
Tirtoyudo,2017,1300.9095,70.03,9110.269229,23.85688018,79.19597542,36.68303072,5.514557324
Tirtoyudo,2018,1612.4355,70.03,11291.88581,23.81587213,77.89211447,6.834658456,6.110061028
Tirtoyudo,2019,1403.79,70.03,9830.74137,23.98971774,76.26888761,13.93733048,7.134107783
Tirtoyudo,2020,1769.16,70.03,12389.42748,24.38326536,78.49161723,29.81367041,6.258835743
Tirtoyudo,2021,1798.005,70.03,12591.42902,24.12764925,79.60426791,27.2165121,5.638220766
Tirtoyudo,2022,1539.3615,70.03,10780.14858,24.03550051,80.46205197,44.88474558,5.377241307
Tirtoyudo,2023,1809.543,65.03,11767.45813,24.36802483,76.10248976,6.534430108,5.96249616
Tirtoyudo,2024,1442.25,66.09014495,9531.851155,25.39678026,77.12671655,59.13617204,5.818983315
Tumpang,2009,1449.942,61.50097324,8917.284414,23.5984703,75.51652586,4.234178187,5.550086406
Tumpang,2010,1946.076,66.02,12847.99375,23.8887957,81.30026242,7.764490527,4.738449181
Tumpang,2011,2071.071,66.02,13673.21074,23.43163176,77.30206675,31.92238514,4.628453428
Tumpang,2012,1094.965,66.13185851,7241.207046,23.27684296,76.7099909,48.63783665,4.148857316
Tumpang,2013,546.132,10,546.132,23.95806452,85.19354839,11.8,2.906451613
Tumpang,2014,775.9305,70.501248,6271.406861,23.57800461,76.90910906,32.93053763,5.705490783
Tumpang,2015,765.354,70.501248,5395.841216,23.8926376,77.7664075,5.707021794,7.715380922
Tumpang,2016,944,70.501248,6657,24.5028439,79.91658509,5.896985539,5.615035224
Tumpang,2017,1272.0645,69.92333333,8894.699006,23.85688018,79.19597542,36.68303072,5.514557324
Tumpang,2018,1050.9195,69.92333333,7348.379451,23.81587213,77.89211447,6.834658456,6.110061028
Tumpang,2019,1324.0025,69.92333333,9257.866814,23.98971774,76.26888761,13.93733048,7.134107783
Tumpang,2020,952.27,69.92333333,6658.589263,24.38326536,78.49161723,29.81367041,6.258835743
Tumpang,2021,1048.6135,69.92333333,7332.25513,24.12764925,79.60426791,27.2165121,5.638220766
Tumpang,2022,764.3925,69.92333333,5344.887158,24.03550051,80.46205197,44.88474558,5.377241307
Tumpang,2023,706.7025,62.32,4404.16998,24.36802483,76.10248976,6.534430108,5.96249616
Tumpang,2024,923.585,63.33596545,5849.614765,25.39678026,77.12671655,59.13617204,5.818983315
Turen,2009,3098.9925,79.80089497,24730.2375,23.5984703,75.51652586,4.234178187,5.550086406
Turen,2010,3207.5275,69.11952273,22170.277,23.8887957,81.30026242,7.764490527,4.738449181
Turen,2011,3806.7335,68.30785615,26002.98043,23.43163176,77.30206675,31.92238514,4.628453428
Turen,2012,2378.751,72.95,17352.98855,23.27684296,76.7099909,48.63783665,4.148857316
Turen,2013,2704.6995,80.0014937,21638,23.95806452,85.19354839,11.8,2.906451613
Turen,2014,2642.202,72.95,20075.86359,23.57800461,76.90910906,32.93053763,5.705490783
Turen,2015,2845.0785,72.95,20754.84766,23.8926376,77.7664075,5.707021794,7.715380922
Turen,2016,2834,72.95,20671,24.5028439,79.91658509,5.896985539,5.615035224
Turen,2017,2121.069,73.69,15630.15746,23.85688018,79.19597542,36.68303072,5.514557324
Turen,2018,2286.447,73.69,16848.82794,23.81587213,77.89211447,6.834658456,6.110061028
Turen,2019,2199.912,73.69,16211.15153,23.98971774,76.26888761,13.93733048,7.134107783
Turen,2020,1378.791,73.69,10160.31088,24.38326536,78.49161723,29.81367041,6.258835743
Turen,2021,2326.83,73.69,17146.41027,24.12764925,79.60426791,27.2165121,5.638220766
Turen,2022,2661.432,73.69,19612.09241,24.03550051,80.46205197,44.88474558,5.377241307
Turen,2023,2752.7745,68.22,18779.42764,24.36802483,76.10248976,6.534430108,5.96249616
Turen,2024,2291.2545,69.3321496,15885.75998,25.39678026,77.12671655,59.13617204,5.818983315
Wagir,2009,982.579,60.2775895,5922.749362,23.5984703,75.51652586,4.234178187,5.550086406
Wagir,2010,1157.421,62.60806758,7246.389219,23.8887957,81.30026242,7.764490527,4.738449181
Wagir,2011,991.116,64.60879331,6403.480879,23.43163176,77.30206675,31.92238514,4.628453428
Wagir,2012,4365.0305,73.85740565,32238.98283,23.27684296,76.7099909,48.63783665,4.148857316
Wagir,2013,3675.25,80.66117951,29645,23.95806452,85.19354839,11.8,2.906451613
Wagir,2014,3257.563,75.36645401,25352.0972,23.57800461,76.90910906,32.93053763,5.705490783
Wagir,2015,3674.853,75.1429,27613.91115,23.8926376,77.7664075,5.707021794,7.715380922
Wagir,2016,4037,71.73636051,28958,24.5028439,79.91658509,5.896985539,5.615035224
Wagir,2017,3496.014,71.14,24870.6436,23.85688018,79.19597542,36.68303072,5.514557324
Wagir,2018,4525.4815,71.14,32194.27539,23.81587213,77.89211447,6.834658456,6.110061028
Wagir,2019,3935.694,71.14,27998.52712,23.98971774,76.26888761,13.93733048,7.134107783
Wagir,2020,3597.933,71.14,25595.69536,24.38326536,78.49161723,29.81367041,6.258835743
Wagir,2021,3945.996,71.14,28071.81554,24.12764925,79.60426791,27.2165121,5.638220766
Wagir,2022,3203.718,71.14,22791.24985,24.03550051,80.46205197,44.88474558,5.377241307
Wagir,2023,2845.0785,65.14,18532.84135,24.36802483,76.10248976,6.534430108,5.96249616
Wagir,2024,2964.3045,66.20193821,19624.27033,25.39678026,77.12671655,59.13617204,5.818983315
Wajak,2009,1148.423,73.50962934,8442.014906,23.5984703,75.51652586,4.234178187,5.550086406
Wajak,2010,1012.4605,67.69111985,6853.458505,23.8887957,81.30026242,7.764490527,4.738449181
Wajak,2011,1036.497,68.1,7058.54457,23.43163176,77.30206675,31.92238514,4.628453428
Wajak,2012,2104.7235,75.24892415,15837.8179,23.27684296,76.7099909,48.63783665,4.148857316
Wajak,2013,2610.4725,75.25074484,19644,23.95806452,85.19354839,11.8,2.906451613
Wajak,2014,2568.1665,75.24892415,20126.17662,23.57800461,76.90910906,32.93053763,5.705490783
Wajak,2015,2174.913,75.24892415,16365.98634,23.8926376,77.7664075,5.707021794,7.715380922
Wajak,2016,2237,75.24892415,16836,24.5028439,79.91658509,5.896985539,5.615035224
Wajak,2017,2592.204,70.89,18376.13416,23.85688018,79.19597542,36.68303072,5.514557324
Wajak,2018,2374.905,70.89,16835.70155,23.81587213,77.89211447,6.834658456,6.110061028
Wajak,2019,2273.9475,71.89,16347.40858,23.98971774,76.26888761,13.93733048,7.134107783
Wajak,2020,2602.7805,71.89,18711.38901,24.38326536,78.49161723,29.81367041,6.258835743
Wajak,2021,2220.1035,71.89,15960.32406,24.12764925,79.60426791,27.2165121,5.638220766
Wajak,2022,2500.8615,71.89,17978.69332,24.03550051,80.46205197,44.88474558,5.377241307
Wajak,2023,3117.183,68.12,21234.2506,24.36802483,76.10248976,6.534430108,5.96249616
Wajak,2024,2882.577,69.23051936,19956.23028,25.39678026,77.12671655,59.13617204,5.818983315
Wonosari,2009,928.194,60.78030938,5641.591848,23.5984703,75.51652586,4.234178187,5.550086406
Wonosari,2010,1002.8475,61.16450397,6133.86699,23.8887957,81.30026242,7.764490527,4.738449181
Wonosari,2011,1062.7675,61.835635,6571.690322,23.43163176,77.30206675,31.92238514,4.628453428
Wonosari,2012,1923.848,75.14977502,14457.67444,23.27684296,76.7099909,48.63783665,4.148857316
Wonosari,2013,1925.539,75.14778979,14470,23.95806452,85.19354839,11.8,2.906451613
Wonosari,2014,2046.072,75.818304,16313.97089,23.57800461,76.90910906,32.93053763,5.705490783
Wonosari,2015,1781.6595,75.318304,13419.15718,23.8926376,77.7664075,5.707021794,7.715380922
Wonosari,2016,1765,75.318304,13296,24.5028439,79.91658509,5.896985539,5.615035224
Wonosari,2017,1795.1205,71.19333333,12780.06121,23.85688018,79.19597542,36.68303072,5.514557324
Wonosari,2018,1552.8225,71.19333333,11055.06099,23.81587213,77.89211447,6.834658456,6.110061028
Wonosari,2019,1370.1375,71.19333333,9754.465575,23.98971774,76.26888761,13.93733048,7.134107783
Wonosari,2020,1152.8385,71.19333333,8207.441561,24.38326536,78.49161723,29.81367041,6.258835743
Wonosari,2021,1397.0595,71.19333333,9946.132267,24.12764925,79.60426791,27.2165121,5.638220766
Wonosari,2022,1383.5985,71.19333333,9850.298921,24.03550051,80.46205197,44.88474558,5.377241307
Wonosari,2023,1158.6075,65.19,7552.962293,24.36802483,76.10248976,6.534430108,5.96249616
Wonosari,2024,1028.805,66.25275333,6816.116389,25.39678026,77.12671655,59.13617204,5.818983315
